证券代码,证券名称,交易时间,开盘价,最高价,最低价,收盘价,涨跌,涨跌幅%,成交量,成交额,结算价
IM00C1,IM当月连续,2022-07-22,"7,050.0000","7,085.2000","6,857.0000","6,956.6000",——,——,"22,153","30,919,133,184","6,934.2000"
IM00C1,IM当月连续,2022-07-25,"6,974.2000","7,015.8000","6,850.0000","6,878.6000",-78.0000,-1.1212,"22,883","31,699,704,832","6,885.8000"
IM00C1,IM当月连续,2022-07-26,"6,898.0000","6,994.0000","6,844.8000","6,991.0000",112.3999,1.6341,"19,269","26,712,005,888","6,964.4000"
IM00C1,IM当月连续,2022-07-27,"6,982.0000","7,074.4000","6,965.2000","7,066.2000",75.2002,1.0757,"19,290","27,113,992,704","7,059.4000"
IM00C1,IM当月连续,2022-07-28,"7,110.0000","7,171.4000","7,072.4000","7,119.0000",52.7998,0.7472,"22,464","31,993,809,920","7,112.4000"
IM00C1,IM当月连续,2022-07-29,"7,130.0000","7,152.0000","7,068.0000","7,087.0000",-32.0000,-0.4495,"25,025","35,560,145,152","7,090.2000"
IM00C1,IM当月连续,2022-08-01,"7,070.2000","7,141.0000","7,004.4000","7,136.6000",49.6001,0.6999,"22,084","31,309,930,240","7,130.0000"
IM00C1,IM当月连续,2022-08-02,"7,070.0000","7,075.0000","6,820.4000","6,948.2000",-188.3999,-2.6399,"37,753","52,450,615,808","6,975.4000"
IM00C1,IM当月连续,2022-08-03,"6,990.0000","7,062.0000","6,860.8000","6,882.8000",-65.4004,-0.9413,"32,325","45,204,820,736","6,914.6000"
IM00C1,IM当月连续,2022-08-04,"6,933.0000","6,942.8000","6,778.2000","6,890.8000",8.0000,0.1162,"35,394","48,615,528,448","6,872.0000"
IM00C1,IM当月连续,2022-08-05,"6,903.4000","7,080.8000","6,903.4000","7,080.0000",189.2002,2.7457,"31,492","43,993,596,160","7,051.4000"
IM00C1,IM当月连续,2022-08-08,"7,060.0000","7,145.0000","7,039.6000","7,132.2000",52.2002,0.7373,"20,853","29,596,276,992","7,130.6000"
IM00C1,IM当月连续,2022-08-09,"7,120.0000","7,164.8000","7,084.4000","7,160.6000",28.3999,0.3982,"18,871","26,903,698,176","7,154.4000"
IM00C1,IM当月连续,2022-08-10,"7,138.0000","7,202.0000","7,130.0000","7,168.4000",7.7998,0.1089,"21,848","31,324,244,480","7,158.2000"
IM00C1,IM当月连续,2022-08-11,"7,201.4000","7,287.6000","7,179.6000","7,284.8000",116.3999,1.6238,"22,671","32,833,462,016","7,278.6000"
IM00C1,IM当月连续,2022-08-12,"7,275.0000","7,306.0000","7,205.4000","7,222.4000",-62.3999,-0.8566,"19,678","28,577,350,400","7,228.8000"
IM00C1,IM当月连续,2022-08-15,"7,210.0000","7,297.6000","7,206.0000","7,266.0000",43.6001,0.6037,"20,698","30,046,053,120","7,262.4000"
IM00C1,IM当月连续,2022-08-16,"7,275.0000","7,361.4000","7,257.2000","7,311.0000",45.0000,0.6193,"21,099","30,856,338,944","7,305.6000"
IM00C1,IM当月连续,2022-08-17,"7,317.0000","7,346.4000","7,263.8000","7,327.6000",16.6001,0.2271,"18,274","26,712,226,560","7,325.8000"
IM00C1,IM当月连续,2022-08-18,"7,320.0000","7,370.4000","7,303.0000","7,358.8000",31.1997,0.4258,"14,405","21,120,734,208","7,352.0000"
IM00C1,IM当月连续,2022-08-19,"7,350.2000","7,377.8000","7,272.4000","7,277.8000",-81.0000,-1.1007,"8,968","13,117,623,296","7,277.4600"
IM00C1,IM当月连续,2022-08-22,"7,179.8000","7,252.8000","7,119.4000","7,232.4000",-45.3999,-0.6238,"27,615","39,756,292,352","7,239.4000"
IM00C1,IM当月连续,2022-08-23,"7,224.0000","7,259.8000","7,208.6000","7,253.6000",21.2002,0.2931,"25,221","36,499,230,208","7,241.0000"
IM00C1,IM当月连续,2022-08-24,"7,263.0000","7,277.0000","6,951.4000","6,969.8000",-283.8003,-3.9125,"43,723","61,845,527,552","6,977.6000"
IM00C1,IM当月连续,2022-08-25,"6,995.0000","6,999.0000","6,865.0000","6,940.4000",-29.3999,-0.4218,"40,047","55,498,285,312","6,913.8000"
IM00C1,IM当月连续,2022-08-26,"6,968.6000","7,032.0000","6,886.4000","6,911.6000",-28.7998,-0.4150,"34,552","48,143,010,048","6,911.6000"
IM00C1,IM当月连续,2022-08-29,"6,810.0000","6,979.0000","6,805.0000","6,950.0000",38.3999,0.5556,"35,892","49,681,137,408","6,953.8000"
IM00C1,IM当月连续,2022-08-30,"6,954.2000","6,965.4000","6,887.2000","6,941.0000",-9.0000,-0.1295,"30,897","42,825,910,016","6,932.4000"
IM00C1,IM当月连续,2022-08-31,"6,918.4000","6,931.8000","6,699.0000","6,710.2000",-230.7998,-3.3252,"47,768","64,880,654,336","6,731.0000"
IM00C1,IM当月连续,2022-09-01,"6,720.0000","6,787.2000","6,649.8000","6,682.6000",-27.6001,-0.4113,"38,108","51,232,136,192","6,679.2000"
IM00C1,IM当月连续,2022-09-02,"6,706.4000","6,773.4000","6,669.8000","6,730.2000",47.6001,0.7123,"34,760","46,762,576,896","6,725.4000"
IM00C1,IM当月连续,2022-09-05,"6,726.4000","6,810.8000","6,691.8000","6,747.2000",17.0000,0.2526,"30,586","41,273,071,872","6,738.2000"
IM00C1,IM当月连续,2022-09-06,"6,770.0000","6,885.0000","6,738.0000","6,879.8000",132.5996,1.9653,"33,895","46,230,111,488","6,865.8000"
IM00C1,IM当月连续,2022-09-07,"6,851.0000","6,954.0000","6,851.0000","6,920.2000",40.4004,0.5872,"27,172","37,568,989,184","6,917.8000"
IM00C1,IM当月连续,2022-09-08,"6,921.4000","6,944.8000","6,864.0000","6,874.4000",-45.8003,-0.6618,"24,336","33,572,291,328","6,875.6000"
IM00C1,IM当月连续,2022-09-09,"6,893.0000","6,918.8000","6,836.2000","6,913.0000",38.6001,0.5615,"31,079","42,791,048,960","6,910.2000"
IM00C1,IM当月连续,2022-09-13,"6,935.2000","6,957.6000","6,872.0000","6,891.4000",-21.6001,-0.3125,"26,519","36,630,507,776","6,888.0000"
IM00C1,IM当月连续,2022-09-14,"6,810.0000","6,851.0000","6,784.8000","6,826.0000",-65.3999,-0.9490,"27,940","38,109,747,968","6,822.4000"
IM00C1,IM当月连续,2022-09-15,"6,855.4000","6,860.0000","6,524.4000","6,596.4000",-229.6001,-3.3636,"29,581","39,519,680,256","6,575.4000"
IM00C1,IM当月连续,2022-09-16,"6,588.0000","6,629.6000","6,521.2000","6,529.4000",-67.0000,-1.0157,"15,795","20,795,375,616","6,530.2700"
IM00C1,IM当月连续,2022-09-19,"6,373.0000","6,428.2000","6,257.0000","6,298.2000",-231.1997,-3.5409,"41,542","52,649,422,080","6,298.2000"
IM00C1,IM当月连续,2022-09-20,"6,361.0000","6,464.8000","6,343.0000","6,388.8000",90.5996,1.4385,"37,253","47,635,121,152","6,372.2000"
IM00C1,IM当月连续,2022-09-21,"6,368.0000","6,447.6000","6,303.0000","6,412.6000",23.8003,0.3725,"39,329","50,217,050,368","6,424.4000"
IM00C1,IM当月连续,2022-09-22,"6,373.4000","6,506.8000","6,368.0000","6,435.8000",23.1997,0.3618,"40,306","51,943,046,912","6,438.4000"
IM00C1,IM当月连续,2022-09-23,"6,437.0000","6,458.8000","6,246.0000","6,323.4000",-112.3999,-1.7465,"55,619","70,591,070,208","6,333.4000"
IM00C1,IM当月连续,2022-09-26,"6,288.0000","6,391.0000","6,251.2000","6,255.0000",-68.3999,-1.0817,"41,247","52,076,104,704","6,273.8000"
IM00C1,IM当月连续,2022-09-27,"6,289.0000","6,405.0000","6,270.8000","6,398.8000",143.7998,2.2990,"41,677","52,761,171,456","6,377.4000"
IM00C1,IM当月连续,2022-09-28,"6,380.2000","6,393.2000","6,201.2000","6,202.6000",-196.1997,-3.0662,"48,495","60,958,021,376","6,240.2000"
IM00C1,IM当月连续,2022-09-29,"6,275.0000","6,308.0000","6,180.2000","6,232.4000",29.7998,0.4804,"44,555","55,750,742,528","6,215.0000"
IM00C1,IM当月连续,2022-09-30,"6,242.0000","6,247.4000","6,098.2000","6,103.0000",-129.3999,-2.0762,"42,514","52,419,196,928","6,122.4000"
IM00C1,IM当月连续,2022-10-10,"6,121.6000","6,142.8000","5,941.4000","5,976.0000",-127.0000,-2.0809,"35,148","42,549,522,688","5,978.0000"
IM00C1,IM当月连续,2022-10-11,"5,990.0000","6,030.0000","5,935.0000","5,994.2000",18.2002,0.3046,"35,293","42,266,611,968","5,996.6000"
IM00C1,IM当月连续,2022-10-12,"5,985.6000","6,182.4000","5,895.2000","6,169.2000",175.0000,2.9195,"51,182","61,536,059,648","6,135.0000"
IM00C1,IM当月连续,2022-10-13,"6,147.6000","6,305.0000","6,142.2000","6,242.4000",73.1997,1.1865,"39,115","48,794,512,128","6,245.0000"
IM00C1,IM当月连续,2022-10-14,"6,300.0000","6,437.4000","6,273.2000","6,418.0000",175.6001,2.8130,"39,202","49,926,799,616","6,411.0000"
IM00C1,IM当月连续,2022-10-17,"6,400.0000","6,487.4000","6,396.8000","6,448.0000",30.0000,0.4674,"31,880","41,039,045,376","6,466.6000"
IM00C1,IM当月连续,2022-10-18,"6,466.0000","6,547.8000","6,432.4000","6,497.2000",49.2002,0.7630,"30,270","39,276,953,088","6,491.4000"
IM00C1,IM当月连续,2022-10-19,"6,477.0000","6,545.0000","6,452.4000","6,462.4000",-34.8003,-0.5356,"29,061","37,745,193,472","6,470.8000"
IM00C1,IM当月连续,2022-10-20,"6,435.2000","6,543.8000","6,328.6000","6,445.8000",-16.6001,-0.2569,"28,712","36,848,002,560","6,443.4000"
IM00C1,IM当月连续,2022-10-21,"6,431.2000","6,490.4000","6,389.8000","6,440.0000",-5.7998,-0.0900,"13,513","17,405,300,736","6,440.0800"
IM00C1,IM当月连续,2022-10-24,"6,370.0000","6,554.4000","6,267.0000","6,360.0000",-80.0000,-1.2422,"52,094","66,782,098,176","6,332.2000"
IM00C1,IM当月连续,2022-10-25,"6,340.0000","6,389.0000","6,212.4000","6,340.8000",-19.2002,-0.3019,"51,852","65,367,152,640","6,342.4000"
IM00C1,IM当月连续,2022-10-26,"6,348.2000","6,578.0000","6,336.2000","6,500.6000",159.8003,2.5202,"59,542","77,135,290,368","6,476.2000"
IM00C1,IM当月连续,2022-10-27,"6,534.2000","6,560.0000","6,453.0000","6,473.0000",-27.6001,-0.4246,"42,741","55,643,532,800","6,484.8000"
IM00C1,IM当月连续,2022-10-28,"6,426.2000","6,462.6000","6,202.0000","6,224.2000",-248.7998,-3.8437,"51,221","64,956,595,200","6,250.8000"
IM00C1,IM当月连续,2022-10-31,"6,203.0000","6,360.0000","6,185.4000","6,286.6000",62.3999,1.0025,"48,429","60,785,700,096","6,274.2000"
IM00C1,IM当月连续,2022-11-01,"6,317.0000","6,471.0000","6,271.4000","6,471.0000",184.3999,2.9332,"50,479","64,307,019,520","6,429.8000"
IM00C1,IM当月连续,2022-11-02,"6,459.0000","6,561.8000","6,447.0000","6,532.0000",61.0000,0.9427,"35,874","46,686,822,656","6,528.8000"
IM00C1,IM当月连续,2022-11-03,"6,493.0000","6,589.0000","6,493.0000","6,563.4000",31.3999,0.4807,"33,815","44,287,204,096","6,567.2000"
IM00C1,IM当月连续,2022-11-04,"6,588.0000","6,750.8000","6,564.2000","6,746.6000",183.2002,2.7912,"43,107","57,508,938,240","6,731.2000"
IM00C1,IM当月连续,2022-11-07,"6,731.4000","6,777.0000","6,661.0000","6,711.8000",-34.8003,-0.5158,"37,120","49,904,274,432","6,717.0000"
IM00C1,IM当月连续,2022-11-08,"6,045.4000","6,717.8000","6,045.4000","6,707.6000",-4.1997,-0.0626,"28,811","38,454,503,680","6,688.4000"
IM00C1,IM当月连续,2022-11-09,"6,700.4000","6,748.0000","6,660.0000","6,674.8000",-32.8003,-0.4890,"29,093","38,949,379,328","6,683.2000"
IM00C1,IM当月连续,2022-11-10,"6,638.0000","6,667.0000","6,584.0000","6,616.0000",-58.7998,-0.8809,"33,758","44,718,753,536","6,619.2000"
IM00C1,IM当月连续,2022-11-11,"6,800.0000","6,811.6000","6,641.8000","6,645.0000",29.0000,0.4383,"45,127","60,669,142,016","6,685.8000"
IM00C1,IM当月连续,2022-11-14,"6,668.0000","6,714.0000","6,565.6000","6,592.2000",-52.7998,-0.7946,"36,933","49,032,518,400","6,588.0000"
IM00C1,IM当月连续,2022-11-15,"6,595.0000","6,753.2000","6,582.6000","6,753.0000",160.7998,2.4392,"33,028","44,193,267,968","6,738.0000"
IM00C1,IM当月连续,2022-11-16,"6,747.8000","6,774.6000","6,691.6000","6,698.2000",-54.7998,-0.8115,"23,921","32,190,969,856","6,702.0000"
IM00C1,IM当月连续,2022-11-17,"6,682.4000","6,722.0000","6,634.0000","6,715.2000",17.0000,0.2538,"20,540","27,368,858,368","6,691.2000"
IM00C1,IM当月连续,2022-11-18,"6,740.2000","6,760.6000","6,698.0000","6,699.4000",-15.8003,-0.2353,"11,336","15,249,217,280","6,699.6900"
IM00C1,IM当月连续,2022-11-21,"6,606.2000","6,695.8000","6,581.2000","6,685.0000",-14.3999,-0.2149,"39,569","52,600,869,632","6,685.4000"
IM00C1,IM当月连续,2022-11-22,"6,674.0000","6,686.8000","6,514.4000","6,557.2000",-127.7998,-1.9117,"51,946","68,654,716,672","6,545.6000"
IM00C1,IM当月连续,2022-11-23,"6,563.0000","6,584.0000","6,422.2000","6,553.4000",-3.8003,-0.0580,"49,857","64,933,679,872","6,546.6000"
IM00C1,IM当月连续,2022-11-24,"6,570.0000","6,595.6000","6,520.4000","6,559.2000",5.8003,0.0885,"38,327","50,297,820,416","6,564.6000"
IM00C1,IM当月连续,2022-11-25,"6,545.2000","6,553.8000","6,485.8000","6,497.0000",-62.2002,-0.9483,"35,966","46,854,427,648","6,501.8000"
IM00C1,IM当月连续,2022-11-28,"6,424.2000","6,500.6000","6,371.4000","6,492.0000",-5.0000,-0.0770,"42,689","55,132,609,280","6,480.8000"
IM00C1,IM当月连续,2022-11-29,"6,502.0000","6,632.8000","6,501.0000","6,597.0000",105.0000,1.6174,"41,900","55,040,640,256","6,598.8000"
IM00C1,IM当月连续,2022-11-30,"6,600.2000","6,623.0000","6,555.4000","6,582.8000",-14.2002,-0.2153,"31,915","42,088,633,088","6,572.6000"
IM00C1,IM当月连续,2022-12-01,"6,656.0000","6,713.8000","6,637.8000","6,662.0000",79.2002,1.2031,"34,834","46,527,782,656","6,673.0000"
IM00C1,IM当月连续,2022-12-02,"6,662.2000","6,747.0000","6,651.2000","6,681.8000",19.7998,0.2972,"30,017","40,227,123,968","6,690.4000"
IM00C1,IM当月连续,2022-12-05,"6,729.0000","6,736.0000","6,673.0000","6,703.0000",21.2002,0.3173,"34,433","46,162,253,568","6,696.0000"
IM00C1,IM当月连续,2022-12-06,"6,690.2000","6,747.0000","6,657.0000","6,697.8000",-5.2002,-0.0776,"35,502","47,589,781,504","6,687.2000"
IM00C1,IM当月连续,2022-12-07,"6,689.8000","6,739.0000","6,671.6000","6,695.2000",-2.5996,-0.0388,"31,060","41,668,941,056","6,689.6000"
IM00C1,IM当月连续,2022-12-08,"6,701.4000","6,701.4000","6,633.8000","6,663.8000",-31.4004,-0.4690,"29,056","38,737,277,952","6,652.8000"
IM00C1,IM当月连续,2022-12-09,"6,666.0000","6,699.6000","6,613.2000","6,684.8000",21.0000,0.3151,"34,377","45,832,967,424","6,677.4000"
IM00C1,IM当月连续,2022-12-12,"6,678.0000","6,691.6000","6,614.0000","6,654.6000",-30.1997,-0.4518,"36,779","48,953,530,368","6,665.8000"
IM00C1,IM当月连续,2022-12-13,"6,659.8000","6,659.8000","6,590.6000","6,604.8000",-49.8003,-0.7484,"27,158","35,929,683,712","6,604.4000"
IM00C1,IM当月连续,2022-12-14,"6,615.0000","6,638.4000","6,551.4000","6,573.6000",-31.1997,-0.4724,"30,053","39,661,219,328","6,565.4000"
IM00C1,IM当月连续,2022-12-15,"6,564.8000","6,618.4000","6,547.6000","6,600.6000",27.0000,0.4107,"23,979","31,605,828,096","6,602.6000"
IM00C1,IM当月连续,2022-12-16,"6,581.0000","6,597.8000","6,509.8000","6,515.0000",-85.6001,-1.2969,"14,369","18,800,573,696","6,515.4300"
IM00C1,IM当月连续,2022-12-19,"6,524.0000","6,553.6000","6,377.2000","6,417.0000",-98.0000,-1.5042,"31,461","40,618,647,296","6,398.4000"
IM00C1,IM当月连续,2022-12-20,"6,403.0000","6,418.6000","6,337.6000","6,350.4000",-66.6001,-1.0379,"31,960","40,764,833,280","6,356.6000"
IM00C1,IM当月连续,2022-12-21,"6,356.0000","6,369.8000","6,248.8000","6,302.2000",-48.1997,-0.7590,"30,254","38,182,988,288","6,292.2000"
IM00C1,IM当月连续,2022-12-22,"6,327.8000","6,333.6000","6,171.2000","6,206.0000",-96.2002,-1.5265,"32,221","40,325,904,128","6,200.4000"
IM00C1,IM当月连续,2022-12-23,"6,182.0000","6,232.2000","6,130.4000","6,165.2000",-40.7998,-0.6574,"34,624","42,838,579,200","6,153.2000"
IM00C1,IM当月连续,2022-12-26,"6,172.2000","6,305.4000","6,170.2000","6,285.2000",120.0000,1.9464,"33,311","41,734,267,904","6,288.0000"
IM00C1,IM当月连续,2022-12-27,"6,305.0000","6,339.0000","6,265.4000","6,336.2000",51.0000,0.8114,"26,878","33,896,231,424","6,329.6000"
IM00C1,IM当月连续,2022-12-28,"6,310.0000","6,318.4000","6,263.8000","6,293.4000",-42.8003,-0.6755,"22,558","28,375,550,976","6,282.8000"
IM00C1,IM当月连续,2022-12-29,"6,279.8000","6,334.8000","6,260.8000","6,269.2000",-24.1997,-0.3845,"27,458","34,567,124,224","6,280.8000"
IM00C1,IM当月连续,2022-12-30,"6,290.2000","6,304.0000","6,261.0000","6,285.8000",16.5996,0.2648,"21,902","27,526,389,760","6,282.8000"
IM00C1,IM当月连续,2023-01-03,"6,280.0000","6,442.8000","6,276.0000","6,420.0000",134.2002,2.1350,"29,613","37,708,160,768","6,426.0000"
IM00C1,IM当月连续,2023-01-04,"6,420.0000","6,439.0000","6,375.0000","6,414.4000",-5.6001,-0.0872,"22,569","28,946,949,376","6,405.6000"
IM00C1,IM当月连续,2023-01-05,"6,433.8000","6,494.0000","6,408.2000","6,490.4000",76.0000,1.1848,"24,379","31,515,784,448","6,483.8000"
IM00C1,IM当月连续,2023-01-06,"6,487.2000","6,543.6000","6,478.2000","6,505.2000",14.8003,0.2280,"23,789","30,983,990,784","6,498.2000"
IM00C1,IM当月连续,2023-01-09,"6,518.2000","6,571.0000","6,513.0000","6,518.2000",13.0000,0.1998,"21,905","28,652,152,576","6,528.6000"
IM00C1,IM当月连续,2023-01-10,"6,527.0000","6,546.6000","6,490.2000","6,532.2000",14.0000,0.2148,"17,855","23,307,657,216","6,535.0000"
IM00C1,IM当月连续,2023-01-11,"6,539.0000","6,562.4000","6,481.0000","6,494.4000",-37.8003,-0.5787,"22,001","28,696,724,480","6,496.4000"
IM00C1,IM当月连续,2023-01-12,"6,500.0000","6,541.6000","6,473.8000","6,492.0000",-2.3999,-0.0370,"24,588","31,993,491,200","6,500.2000"
IM00C1,IM当月连续,2023-01-13,"6,509.8000","6,551.8000","6,481.2000","6,542.4000",50.3999,0.7763,"24,189","31,455,982,592","6,516.2000"
IM00C1,IM当月连续,2023-01-16,"6,540.0000","6,658.8000","6,539.8000","6,597.4000",55.0000,0.8407,"31,794","42,039,941,120","6,601.8000"
IM00C1,IM当月连续,2023-01-17,"6,606.0000","6,646.6000","6,592.6000","6,608.2000",10.8003,0.1637,"19,735","26,124,442,624","6,610.2000"
IM00C1,IM当月连续,2023-01-18,"6,620.8000","6,653.8000","6,611.4000","6,621.2000",13.0000,0.1967,"18,132","24,038,691,072","6,626.0000"
IM00C1,IM当月连续,2023-01-19,"6,607.8000","6,692.8000","6,587.4000","6,687.4000",66.1997,0.9998,"16,681","22,163,836,928","6,679.6000"
IM00C1,IM当月连续,2023-01-20,"6,690.0000","6,745.8000","6,688.0000","6,728.2000",40.8003,0.6101,"9,527","12,806,234,112","6,728.2400"
IM00C1,IM当月连续,2023-01-30,"6,881.2000","6,888.0000","6,791.0000","6,792.8000",64.5996,0.9601,"27,391","37,460,235,264","6,800.2000"
IM00C1,IM当月连续,2023-01-31,"6,796.2000","6,848.0000","6,775.6000","6,818.0000",25.2002,0.3710,"23,191","31,638,372,352","6,820.0000"
IM00C1,IM当月连续,2023-02-01,"6,831.0000","6,923.0000","6,822.2000","6,922.6000",104.6001,1.5342,"26,743","36,765,361,152","6,910.0000"
IM00C1,IM当月连续,2023-02-02,"6,932.6000","6,983.4000","6,911.8000","6,928.0000",5.3999,0.0780,"28,541","39,648,682,496","6,933.4000"
IM00C1,IM当月连续,2023-02-03,"6,910.0000","6,933.0000","6,825.0000","6,920.0000",-8.0000,-0.1155,"34,786","47,917,561,600","6,914.0000"
IM00C1,IM当月连续,2023-02-06,"6,892.2000","6,924.6000","6,840.2000","6,893.6000",-26.3999,-0.3815,"30,107","41,426,768,384","6,883.0000"
IM00C1,IM当月连续,2023-02-07,"6,907.4000","6,916.0000","6,840.8000","6,912.8000",19.1997,0.2785,"31,160","42,898,201,856","6,894.8000"
IM00C1,IM当月连续,2023-02-08,"6,905.8000","6,926.0000","6,853.0000","6,865.8000",-47.0000,-0.6799,"26,376","36,320,519,936","6,870.0000"
IM00C1,IM当月连续,2023-02-09,"6,841.0000","7,023.0000","6,838.4000","7,020.8000",155.0000,2.2576,"35,972","49,950,470,656","7,008.8000"
IM00C1,IM当月连续,2023-02-10,"7,009.8000","7,023.8000","6,911.0000","6,977.6000",-43.1997,-0.6153,"34,437","48,014,646,016","6,968.6000"
IM00C1,IM当月连续,2023-02-13,"6,968.4000","7,045.0000","6,960.2000","7,039.6000",62.0000,0.8886,"26,143","36,703,420,928","7,032.4000"
IM00C1,IM当月连续,2023-02-14,"7,050.6000","7,065.0000","7,016.0000","7,055.6000",16.0000,0.2273,"19,802","27,882,521,344","7,043.0000"
IM00C1,IM当月连续,2023-02-15,"7,051.4000","7,071.8000","7,025.6000","7,049.8000",-5.8003,-0.0822,"20,524","28,936,566,272","7,046.2000"
IM00C1,IM当月连续,2023-02-16,"7,042.0000","7,099.2000","6,892.6000","6,929.4000",-120.3999,-1.7078,"24,242","34,078,754,048","6,960.4000"
IM00C1,IM当月连续,2023-02-17,"6,937.0000","6,959.0000","6,868.2000","6,884.8000",-44.6001,-0.6436,"11,924","16,488,826,368","6,884.8400"
IM00C1,IM当月连续,2023-02-20,"6,871.0000","6,928.8000","6,796.0000","6,922.0000",37.2002,0.5403,"45,771","62,823,574,784","6,914.4000"
IM00C1,IM当月连续,2023-02-21,"6,925.4000","6,988.4000","6,890.0000","6,935.2000",13.2002,0.1907,"37,792","52,470,366,976","6,928.0000"
IM00C1,IM当月连续,2023-02-22,"6,916.0000","6,989.8000","6,910.8000","6,968.0000",32.7998,0.4729,"32,043","44,566,624,000","6,959.0000"
IM00C1,IM当月连续,2023-02-23,"6,968.0000","6,987.2000","6,883.8000","6,944.8000",-23.2002,-0.3330,"34,847","48,366,470,400","6,923.6000"
IM00C1,IM当月连续,2023-02-24,"6,947.0000","6,966.4000","6,872.6000","6,928.6000",-16.1997,-0.2333,"31,201","43,173,321,216","6,918.6000"
IM00C1,IM当月连续,2023-02-27,"6,903.2000","6,922.6000","6,830.8000","6,879.2000",-49.3999,-0.7130,"34,001","46,787,652,608","6,865.0000"
IM00C1,IM当月连续,2023-02-28,"6,899.0000","6,954.0000","6,847.6000","6,937.4000",58.1997,0.8460,"35,963","49,666,493,440","6,921.4000"
IM00C1,IM当月连续,2023-03-01,"6,927.4000","6,984.2000","6,912.4000","6,980.6000",43.2002,0.6227,"35,047","48,744,878,336","6,975.4000"
IM00C1,IM当月连续,2023-03-02,"6,978.0000","7,013.6000","6,941.6000","6,961.6000",-19.0000,-0.2722,"30,230","42,123,760,896","6,955.0000"
IM00C1,IM当月连续,2023-03-03,"6,955.2000","6,992.8000","6,899.4000","6,942.0000",-19.6001,-0.2815,"33,740","46,835,628,800","6,942.2000"
IM00C1,IM当月连续,2023-03-06,"6,949.0000","6,990.8000","6,902.2000","6,956.4000",14.3999,0.2074,"31,889","44,292,080,128","6,962.0000"
IM00C1,IM当月连续,2023-03-07,"6,950.8000","6,963.4000","6,844.8000","6,846.8000",-109.6001,-1.5755,"43,995","60,770,771,200","6,868.0000"
IM00C1,IM当月连续,2023-03-08,"6,828.0000","6,889.6000","6,821.8000","6,871.0000",24.2002,0.3535,"31,970","43,876,201,472","6,865.8000"
IM00C1,IM当月连续,2023-03-09,"6,876.0000","6,888.2000","6,833.0000","6,878.6000",7.6001,0.1106,"32,424","44,538,302,720","6,878.0000"
IM00C1,IM当月连续,2023-03-10,"6,840.8000","6,863.8000","6,787.6000","6,798.4000",-80.2002,-1.1659,"38,784","52,924,741,632","6,805.8000"
IM00C1,IM当月连续,2023-03-13,"6,792.0000","6,838.0000","6,744.4000","6,832.6000",34.2002,0.5031,"37,275","50,636,923,136","6,815.6000"
IM00C1,IM当月连续,2023-03-14,"6,820.6000","6,830.6000","6,696.4000","6,775.8000",-56.8003,-0.8313,"43,522","58,889,748,992","6,773.8000"
IM00C1,IM当月连续,2023-03-15,"6,800.0000","6,854.8000","6,786.8000","6,807.2000",31.4004,0.4634,"37,688","51,436,067,328","6,801.6000"
IM00C1,IM当月连续,2023-03-16,"6,777.0000","6,791.8000","6,685.4000","6,706.0000",-101.2002,-1.4867,"31,718","42,791,021,056","6,707.2000"
IM00C1,IM当月连续,2023-03-17,"6,742.4000","6,791.2000","6,726.2000","6,748.4000",42.3999,0.6323,"17,456","23,589,462,016","6,748.2100"
IM00C1,IM当月连续,2023-03-20,"6,755.0000","6,762.4000","6,687.0000","6,719.8000",-28.6001,-0.4238,"31,841","42,843,308,288","6,718.0000"
IM00C1,IM当月连续,2023-03-21,"6,740.0000","6,807.8000","6,731.0000","6,791.4000",71.6001,1.0655,"30,156","40,869,036,800","6,790.8000"
IM00C1,IM当月连续,2023-03-22,"6,811.0000","6,841.8000","6,800.6000","6,825.6000",34.2002,0.5036,"22,846","31,187,264,000","6,825.0000"
IM00C1,IM当月连续,2023-03-23,"6,816.0000","6,852.6000","6,808.8000","6,850.4000",24.7998,0.3633,"23,663","32,325,134,080","6,844.0000"
IM00C1,IM当月连续,2023-03-24,"6,854.8000","6,870.0000","6,830.0000","6,857.0000",6.6001,0.0963,"21,217","29,069,056,512","6,850.8000"
IM00C1,IM当月连续,2023-03-27,"6,857.0000","6,884.8000","6,815.8000","6,860.0000",3.0000,0.0438,"27,156","37,245,341,440","6,863.0000"
IM00C1,IM当月连续,2023-03-28,"6,849.0000","6,861.8000","6,809.0000","6,827.4000",-32.6001,-0.4752,"26,878","36,740,965,376","6,822.6000"
IM00C1,IM当月连续,2023-03-29,"6,849.0000","6,850.0000","6,786.8000","6,806.0000",-21.3999,-0.3134,"25,258","34,403,876,352","6,803.4000"
IM00C1,IM当月连续,2023-03-30,"6,805.0000","6,821.6000","6,757.6000","6,821.6000",15.6001,0.2292,"30,540","41,478,817,280","6,808.6000"
IM00C1,IM当月连续,2023-03-31,"6,824.2000","6,875.0000","6,813.2000","6,873.8000",52.1997,0.7652,"25,374","34,760,981,504","6,866.0000"
IM00C1,IM当月连续,2023-04-03,"6,885.0000","6,959.8000","6,880.0000","6,940.0000",66.2002,0.9631,"27,944","38,662,201,856","6,944.6000"
IM00C1,IM当月连续,2023-04-04,"6,946.4000","6,954.8000","6,907.6000","6,950.2000",10.2002,0.1470,"24,433","33,876,391,936","6,935.4000"
IM00C1,IM当月连续,2023-04-06,"6,920.0000","6,967.0000","6,918.0000","6,959.4000",9.1997,0.1324,"23,912","33,232,301,568","6,954.4000"
IM00C1,IM当月连续,2023-04-07,"6,973.0000","7,033.8000","6,961.4000","7,026.2000",66.8003,0.9599,"24,909","34,898,347,264","7,025.2000"
IM00C1,IM当月连续,2023-04-10,"7,038.0000","7,047.6000","6,953.2000","6,971.0000",-55.2002,-0.7856,"28,753","40,222,783,744","6,968.0000"
IM00C1,IM当月连续,2023-04-11,"6,981.4000","6,990.8000","6,946.0000","6,972.4000",1.3999,0.0201,"24,815","34,571,187,200","6,967.0000"
IM00C1,IM当月连续,2023-04-12,"6,979.0000","7,012.0000","6,970.2000","7,002.2000",29.8003,0.4274,"23,347","32,655,200,000","7,001.2000"
IM00C1,IM当月连续,2023-04-13,"6,995.0000","7,011.2000","6,959.0000","6,967.0000",-35.2002,-0.5027,"28,815","40,238,087,680","6,970.4000"
IM00C1,IM当月连续,2023-04-14,"6,978.2000","7,015.8000","6,951.0000","7,004.2000",37.2002,0.5339,"31,369","43,863,731,200","7,005.2000"
IM00C1,IM当月连续,2023-04-17,"6,999.6000","7,021.8000","6,985.0000","7,009.6000",5.3999,0.0771,"27,294","38,227,735,552","7,005.4000"
IM00C1,IM当月连续,2023-04-18,"6,995.0000","7,006.2000","6,955.4000","6,980.2000",-29.3999,-0.4194,"28,580","39,903,794,688","6,985.8000"
IM00C1,IM当月连续,2023-04-19,"6,973.6000","7,002.2000","6,945.8000","6,955.2000",-25.0000,-0.3582,"23,503","32,802,939,392","6,958.2000"
IM00C1,IM当月连续,2023-04-20,"6,949.8000","6,963.0000","6,915.6000","6,955.8000",0.5996,0.0086,"20,732","28,765,533,696","6,947.6000"
IM00C1,IM当月连续,2023-04-21,"6,950.0000","6,958.4000","6,808.2000","6,813.4000",-142.3999,-2.0472,"13,464","18,554,560,256","6,813.8000"
IM00C1,IM当月连续,2023-04-24,"6,772.8000","6,775.4000","6,690.2000","6,722.2000",-91.1997,-1.3385,"33,322","44,854,310,912","6,708.6000"
IM00C1,IM当月连续,2023-04-25,"6,705.0000","6,716.2000","6,523.4000","6,612.0000",-110.2002,-1.6393,"43,556","57,675,224,064","6,596.6000"
IM00C1,IM当月连续,2023-04-26,"6,596.6000","6,665.0000","6,589.8000","6,629.0000",17.0000,0.2571,"38,586","51,188,199,936","6,632.6000"
IM00C1,IM当月连续,2023-04-27,"6,601.2000","6,689.2000","6,601.2000","6,647.6000",18.6001,0.2806,"35,246","46,826,535,936","6,645.2000"
IM00C1,IM当月连续,2023-04-28,"6,650.0000","6,743.0000","6,647.6000","6,738.4000",90.7998,1.3659,"30,060","40,284,294,912","6,723.2000"
IM00C1,IM当月连续,2023-05-04,"6,723.0000","6,747.2000","6,689.0000","6,725.2000",-13.1997,-0.1959,"20,870","28,042,799,104","6,722.2000"
IM00C1,IM当月连续,2023-05-05,"6,722.6000","6,724.6000","6,607.8000","6,650.0000",-75.2002,-1.1182,"30,332","40,334,051,840","6,645.4000"
IM00C1,IM当月连续,2023-05-08,"6,660.0000","6,720.6000","6,657.0000","6,687.8000",37.7998,0.5684,"27,149","36,295,674,880","6,695.0000"
IM00C1,IM当月连续,2023-05-09,"6,687.8000","6,703.2000","6,611.6000","6,613.6000",-74.1997,-1.1095,"31,285","41,677,274,112","6,625.8000"
IM00C1,IM当月连续,2023-05-10,"6,613.8000","6,658.0000","6,580.8000","6,624.4000",10.7998,0.1633,"32,100","42,479,702,528","6,613.4000"
IM00C1,IM当月连续,2023-05-11,"6,631.4000","6,655.0000","6,612.0000","6,615.6000",-8.7998,-0.1328,"21,391","28,362,012,928","6,620.2000"
IM00C1,IM当月连续,2023-05-12,"6,604.6000","6,639.8000","6,528.8000","6,538.6000",-77.0000,-1.1639,"29,289","38,525,000,448","6,546.0000"
IM00C1,IM当月连续,2023-05-15,"6,542.2000","6,586.0000","6,469.2000","6,577.2000",38.6001,0.5903,"33,402","43,605,967,360","6,566.0000"
IM00C1,IM当月连续,2023-05-16,"6,587.0000","6,587.0000","6,497.0000","6,519.2000",-58.0000,-0.8818,"27,729","36,238,912,256","6,513.2000"
IM00C1,IM当月连续,2023-05-17,"6,505.0000","6,566.0000","6,505.0000","6,544.8000",25.5996,0.3927,"25,640","33,523,351,808","6,544.0000"
IM00C1,IM当月连续,2023-05-18,"6,565.0000","6,592.6000","6,548.2000","6,578.6000",33.8003,0.5164,"20,494","26,942,748,672","6,572.8000"
IM00C1,IM当月连续,2023-05-19,"6,569.0000","6,624.2000","6,538.8000","6,601.2000",22.6001,0.3435,"12,141","15,974,839,040","6,601.2000"
IM00C1,IM当月连续,2023-05-22,"6,585.2000","6,599.6000","6,531.8000","6,578.2000",-23.0000,-0.3484,"34,161","44,876,045,312","6,571.6000"
IM00C1,IM当月连续,2023-05-23,"6,580.0000","6,593.4000","6,511.2000","6,513.0000",-65.2002,-0.9912,"35,048","45,948,593,408","6,530.4000"
IM00C1,IM当月连续,2023-05-24,"6,503.0000","6,556.8000","6,467.0000","6,497.0000",-16.0000,-0.2457,"39,161","50,998,023,680","6,515.8000"
IM00C1,IM当月连续,2023-05-25,"6,495.0000","6,539.8000","6,403.4000","6,476.8000",-20.2002,-0.3109,"43,785","56,645,529,088","6,451.8000"
IM00C1,IM当月连续,2023-05-26,"6,470.0000","6,552.8000","6,431.0000","6,535.8000",59.0000,0.9109,"39,756","51,645,266,176","6,536.2000"
IM00C1,IM当月连续,2023-05-29,"6,553.0000","6,578.0000","6,494.6000","6,525.4000",-10.3999,-0.1591,"31,583","41,276,022,016","6,520.2000"
IM00C1,IM当月连续,2023-05-30,"6,520.0000","6,567.6000","6,454.2000","6,558.0000",32.6001,0.4996,"40,319","52,492,046,592","6,545.4000"
IM00C1,IM当月连续,2023-05-31,"6,550.0000","6,573.6000","6,505.0000","6,547.0000",-11.0000,-0.1677,"34,785","45,501,083,904","6,546.4000"
IM00C1,IM当月连续,2023-06-01,"6,530.0000","6,609.2000","6,510.4000","6,567.6000",20.6001,0.3146,"35,493","46,645,682,176","6,566.6000"
IM00C1,IM当月连续,2023-06-02,"6,588.8000","6,635.0000","6,580.8000","6,612.4000",44.7998,0.6821,"31,483","41,636,425,216","6,616.8000"
IM00C1,IM当月连续,2023-06-05,"6,620.4000","6,631.8000","6,595.6000","6,611.8000",-0.6001,-0.0091,"24,732","32,711,355,904","6,615.6000"
IM00C1,IM当月连续,2023-06-06,"6,606.0000","6,606.0000","6,451.0000","6,467.8000",-144.0000,-2.1779,"43,241","56,552,211,200","6,486.0000"
IM00C1,IM当月连续,2023-06-07,"6,479.8000","6,512.0000","6,456.6000","6,470.8000",3.0000,0.0464,"31,666","41,049,936,896","6,469.4000"
IM00C1,IM当月连续,2023-06-08,"6,470.6000","6,471.0000","6,389.6000","6,438.4000",-32.3999,-0.5007,"39,186","50,403,700,480","6,432.4000"
IM00C1,IM当月连续,2023-06-09,"6,449.8000","6,494.0000","6,418.0000","6,484.0000",45.6001,0.7083,"36,363","46,952,326,656","6,481.4000"
IM00C1,IM当月连续,2023-06-12,"6,480.0000","6,540.8000","6,472.2000","6,513.2000",29.2002,0.4503,"37,962","49,463,892,480","6,524.2000"
IM00C1,IM当月连续,2023-06-13,"6,503.0000","6,552.8000","6,503.0000","6,540.0000",26.7998,0.4115,"30,729","40,176,787,456","6,542.2000"
IM00C1,IM当月连续,2023-06-14,"6,545.4000","6,581.6000","6,535.2000","6,566.6000",26.6001,0.4067,"35,752","46,890,663,424","6,568.2000"
IM00C1,IM当月连续,2023-06-15,"6,579.6000","6,624.4000","6,560.2000","6,607.2000",40.6001,0.6183,"30,058","39,622,328,832","6,608.6000"
IM00C1,IM当月连续,2023-06-16,"6,607.6000","6,671.8000","6,602.2000","6,665.4000",58.1997,0.8809,"16,039","21,308,764,928","6,665.6900"
IM00C1,IM当月连续,2023-06-19,"6,639.0000","6,665.6000","6,635.0000","6,647.8000",-17.6001,-0.2641,"24,948","33,195,630,336","6,653.8000"
IM00C1,IM当月连续,2023-06-20,"6,638.8000","6,679.0000","6,633.4000","6,652.2000",4.4004,0.0662,"23,929","31,849,936,384","6,660.0000"
IM00C1,IM当月连续,2023-06-21,"6,637.6000","6,645.0000","6,524.8000","6,525.2000",-127.0000,-1.9091,"39,072","51,393,102,592","6,545.4000"
IM00C1,IM当月连续,2023-06-26,"6,499.0000","6,519.2000","6,402.0000","6,427.2000",-98.0000,-1.5019,"44,330","57,231,905,024","6,419.8000"
IM00C1,IM当月连续,2023-06-27,"6,434.0000","6,504.8000","6,422.8000","6,478.4000",51.1997,0.7966,"34,201","44,245,276,928","6,484.0000"
IM00C1,IM当月连续,2023-06-28,"6,478.4000","6,478.4000","6,360.0000","6,463.0000",-15.3999,-0.2377,"44,033","56,520,234,240","6,454.8000"
IM00C1,IM当月连续,2023-06-29,"6,453.0000","6,510.2000","6,447.0000","6,491.8000",28.7998,0.4456,"30,886","40,037,267,968","6,497.4000"
IM00C1,IM当月连续,2023-06-30,"6,481.8000","6,596.0000","6,481.8000","6,575.0000",83.2002,1.2816,"30,629","40,148,147,712","6,574.8000"
IM00C1,IM当月连续,2023-07-03,"6,599.0000","6,626.0000","6,556.8000","6,583.6000",8.6001,0.1308,"28,321","37,335,893,760","6,586.6000"
IM00C1,IM当月连续,2023-07-04,"6,581.6000","6,614.0000","6,580.0000","6,613.4000",29.7998,0.4526,"19,966","26,357,161,984","6,605.8000"
IM00C1,IM当月连续,2023-07-05,"6,609.6000","6,616.0000","6,552.8000","6,566.2000",-47.1997,-0.7137,"25,538","33,644,236,544","6,567.8000"
IM00C1,IM当月连续,2023-07-06,"6,557.0000","6,606.8000","6,532.0000","6,535.6000",-30.6001,-0.4660,"28,834","37,855,629,824","6,541.6000"
IM00C1,IM当月连续,2023-07-07,"6,531.6000","6,538.8000","6,468.2000","6,513.0000",-22.6001,-0.3458,"34,158","44,429,999,104","6,510.6000"
IM00C1,IM当月连续,2023-07-10,"6,538.0000","6,551.8000","6,489.2000","6,520.4000",7.3999,0.1136,"25,605","33,391,920,128","6,511.0000"
IM00C1,IM当月连续,2023-07-11,"6,528.2000","6,580.0000","6,508.4000","6,571.0000",50.6001,0.7760,"26,892","35,213,197,824","6,568.2000"
IM00C1,IM当月连续,2023-07-12,"6,574.4000","6,578.0000","6,477.8000","6,483.8000",-87.2002,-1.3270,"30,497","39,812,135,168","6,492.8000"
IM00C1,IM当月连续,2023-07-13,"6,501.2000","6,561.2000","6,501.2000","6,549.6000",65.8003,1.0148,"33,558","43,861,561,088","6,549.0000"
IM00C1,IM当月连续,2023-07-14,"6,562.0000","6,571.6000","6,539.0000","6,541.0000",-8.6001,-0.1313,"23,532","30,852,573,696","6,549.4000"
IM00C1,IM当月连续,2023-07-17,"6,521.2000","6,529.8000","6,474.0000","6,514.8000",-26.2002,-0.4006,"27,095","35,212,404,224","6,504.0000"
IM00C1,IM当月连续,2023-07-18,"6,519.0000","6,538.2000","6,482.2000","6,515.0000",0.2002,0.0031,"28,836","37,534,505,984","6,516.8000"
IM00C1,IM当月连续,2023-07-19,"6,510.2000","6,532.6000","6,464.0000","6,501.0000",-14.0000,-0.2149,"27,906","36,256,109,568","6,491.0000"
IM00C1,IM当月连续,2023-07-20,"6,539.4000","6,539.4000","6,409.0000","6,416.2000",-84.7998,-1.3044,"28,236","36,591,986,688","6,433.6000"
IM00C1,IM当月连续,2023-07-21,"6,413.8000","6,452.6000","6,381.8000","6,396.6000",-19.6001,-0.3055,"17,288","22,196,315,136","6,398.0000"
IM00C1,IM当月连续,2023-07-24,"6,394.0000","6,445.4000","6,377.8000","6,393.6000",-3.0000,-0.0469,"24,661","31,623,068,928","6,397.2000"
IM00C1,IM当月连续,2023-07-25,"6,477.0000","6,513.0000","6,455.0000","6,497.6000",104.0000,1.6266,"33,597","43,589,787,392","6,496.4000"
IM00C1,IM当月连续,2023-07-26,"6,494.8000","6,495.8000","6,446.8000","6,468.4000",-29.2002,-0.4494,"23,883","30,905,323,776","6,460.4000"
IM00C1,IM当月连续,2023-07-27,"6,470.2000","6,489.0000","6,403.6000","6,421.0000",-47.3999,-0.7328,"25,942","33,453,098,240","6,416.0000"
IM00C1,IM当月连续,2023-07-28,"6,397.6000","6,491.2000","6,380.0000","6,473.6000",52.6001,0.8192,"36,381","46,864,056,832","6,475.8000"
IM00C1,IM当月连续,2023-07-31,"6,495.0000","6,576.0000","6,486.6000","6,524.6000",51.0000,0.7878,"36,386","47,548,347,136","6,518.6000"
IM00C1,IM当月连续,2023-08-01,"6,518.6000","6,539.6000","6,497.2000","6,509.0000",-15.6001,-0.2391,"25,933","33,802,652,672","6,509.0000"
IM00C1,IM当月连续,2023-08-02,"6,501.6000","6,522.8000","6,470.0000","6,495.8000",-13.2002,-0.2028,"27,477","35,690,206,464","6,486.0000"
IM00C1,IM当月连续,2023-08-03,"6,476.4000","6,500.0000","6,457.4000","6,495.6000",-0.1997,-0.0031,"26,270","34,059,412,992","6,488.8000"
IM00C1,IM当月连续,2023-08-04,"6,520.6000","6,576.0000","6,503.8000","6,534.6000",39.0000,0.6004,"36,472","47,726,470,912","6,541.2000"
IM00C1,IM当月连续,2023-08-07,"6,525.2000","6,549.0000","6,501.0000","6,515.6000",-19.0000,-0.2908,"25,260","32,929,821,440","6,509.4000"
IM00C1,IM当月连续,2023-08-08,"6,502.4000","6,514.2000","6,456.2000","6,484.8000",-30.8003,-0.4727,"28,508","36,959,980,544","6,482.0000"
IM00C1,IM当月连续,2023-08-09,"6,457.0000","6,480.0000","6,423.4000","6,433.2000",-51.5996,-0.7957,"24,391","31,472,888,576","6,433.4000"
IM00C1,IM当月连续,2023-08-10,"6,423.0000","6,453.8000","6,397.4000","6,424.6000",-8.6001,-0.1337,"25,321","32,556,727,040","6,425.8000"
IM00C1,IM当月连续,2023-08-11,"6,431.8000","6,435.8000","6,301.6000","6,304.0000",-120.6001,-1.8772,"32,185","40,958,789,376","6,319.2000"
IM00C1,IM当月连续,2023-08-14,"6,246.0000","6,329.8000","6,212.8000","6,323.2000",19.2002,0.3046,"36,541","45,814,519,296","6,310.2000"
IM00C1,IM当月连续,2023-08-15,"6,336.0000","6,336.4000","6,204.8000","6,268.2000",-55.0000,-0.8698,"35,306","44,222,522,880","6,255.0000"
IM00C1,IM当月连续,2023-08-16,"6,245.0000","6,263.4000","6,188.6000","6,188.6000",-79.6001,-1.2699,"28,738","35,798,280,192","6,204.4000"
IM00C1,IM当月连续,2023-08-17,"6,181.0000","6,273.0000","6,130.8000","6,243.8000",55.1997,0.8920,"28,075","34,845,164,544","6,243.4000"
IM00C1,IM当月连续,2023-08-18,"6,251.4000","6,263.0000","6,158.8000","6,162.2000",-81.5996,-1.3069,"15,168","18,851,816,704","6,162.5000"
IM00C1,IM当月连续,2023-08-21,"6,119.4000","6,169.6000","5,910.4000","6,053.8000",-108.4004,-1.7591,"49,495","60,599,802,112","6,074.2000"
IM00C1,IM当月连续,2023-08-22,"6,093.8000","6,108.8000","5,973.0000","6,084.0000",30.2002,0.4989,"56,411","68,321,770,752","6,070.6000"
IM00C1,IM当月连续,2023-08-23,"6,071.2000","6,075.0000","5,955.6000","5,974.8000",-109.2002,-1.7949,"46,053","55,401,508,352","5,985.2000"
IM00C1,IM当月连续,2023-08-24,"6,003.2000","6,051.6000","5,948.0000","5,977.6000",2.8003,0.0469,"48,013","57,572,071,168","5,993.0000"
IM00C1,IM当月连续,2023-08-25,"5,950.0000","5,986.2000","5,851.0000","5,881.8000",-95.8003,-1.6027,"60,560","71,719,358,464","5,878.4000"
IM00C1,IM当月连续,2023-08-28,"6,230.0000","6,230.0000","5,888.2000","5,907.6000",25.8003,0.4386,"74,218","89,728,942,080","5,921.2000"
IM00C1,IM当月连续,2023-08-29,"5,908.0000","6,143.8000","5,904.8000","6,099.2000",191.6001,3.2433,"76,913","93,114,920,960","6,102.0000"
IM00C1,IM当月连续,2023-08-30,"6,121.0000","6,203.6000","6,103.0000","6,128.2000",29.0000,0.4755,"59,262","72,891,789,312","6,139.6000"
IM00C1,IM当月连续,2023-08-31,"6,124.4000","6,138.8000","6,081.6000","6,110.6000",-17.6001,-0.2872,"44,355","54,177,711,360","6,106.2000"
IM00C1,IM当月连续,2023-09-01,"6,123.4000","6,148.8000","6,081.8000","6,103.0000",-7.6001,-0.1244,"37,772","46,147,414,272","6,097.6000"
IM00C1,IM当月连续,2023-09-04,"6,130.0000","6,198.0000","6,100.2000","6,198.0000",95.0000,1.5566,"49,221","60,567,331,840","6,180.6000"
IM00C1,IM当月连续,2023-09-05,"6,190.0000","6,208.8000","6,143.0000","6,162.2000",-35.7998,-0.5776,"37,506","46,277,895,936","6,154.6000"
IM00C1,IM当月连续,2023-09-06,"6,145.0000","6,207.0000","6,096.4000","6,178.8000",16.5996,0.2694,"40,919","50,390,155,008","6,187.0000"
IM00C1,IM当月连续,2023-09-07,"6,160.0000","6,170.8000","6,068.0000","6,077.2000",-101.5996,-1.6443,"49,425","60,448,158,208","6,083.0000"
IM00C1,IM当月连续,2023-09-08,"6,050.4000","6,111.0000","6,050.4000","6,075.4000",-1.8003,-0.0296,"41,430","50,429,148,160","6,092.0000"
IM00C1,IM当月连续,2023-09-11,"6,093.0000","6,198.2000","6,058.0000","6,165.0000",89.6001,1.4748,"53,983","66,310,588,672","6,167.6000"
IM00C1,IM当月连续,2023-09-12,"6,165.0000","6,197.4000","6,153.4000","6,172.2000",7.2002,0.1168,"38,208","47,185,191,680","6,175.2000"
IM00C1,IM当月连续,2023-09-13,"6,158.0000","6,165.4000","6,041.4000","6,094.0000",-78.2002,-1.2670,"50,989","62,163,151,616","6,070.8000"
IM00C1,IM当月连续,2023-09-14,"6,093.0000","6,093.6000","6,031.2000","6,077.2000",-16.7998,-0.2757,"38,289","46,425,629,440","6,059.8000"
IM00C1,IM当月连续,2023-09-15,"6,088.0000","6,122.4000","6,047.2000","6,066.6000",-10.6001,-0.1744,"20,135","24,477,616,384","6,066.5000"
IM00C1,IM当月连续,2023-09-18,"6,040.0000","6,107.0000","6,019.2000","6,083.6000",17.0000,0.2802,"45,674","55,473,505,792","6,089.2000"
IM00C1,IM当月连续,2023-09-19,"6,078.2000","6,079.6000","6,010.0000","6,039.2000",-44.3999,-0.7298,"37,431","45,152,205,312","6,032.0000"
IM00C1,IM当月连续,2023-09-20,"6,020.0000","6,043.8000","5,985.0000","5,987.2000",-52.0000,-0.8610,"29,923","35,992,078,848","5,990.8000"
IM00C1,IM当月连续,2023-09-21,"5,970.0000","6,006.2000","5,928.4000","5,941.8000",-45.4004,-0.7583,"38,129","45,456,340,992","5,946.4000"
IM00C1,IM当月连续,2023-09-22,"5,941.6000","6,068.0000","5,925.2000","6,065.0000",123.2002,2.0734,"52,998","63,606,254,336","6,052.2000"
IM00C1,IM当月连续,2023-09-25,"6,055.2000","6,070.0000","6,009.8000","6,031.4000",-33.6001,-0.5540,"34,272","41,332,668,416","6,026.6000"
IM00C1,IM当月连续,2023-09-26,"6,021.6000","6,038.2000","6,000.8000","6,007.2000",-24.1997,-0.4012,"27,754","33,401,860,352","6,010.8000"
IM00C1,IM当月连续,2023-09-27,"6,005.0000","6,080.0000","5,997.8000","6,050.2000",43.0000,0.7158,"38,721","46,864,828,928","6,059.4000"
IM00C1,IM当月连续,2023-09-28,"6,063.4000","6,078.4000","6,045.0000","6,075.0000",24.7998,0.4099,"31,072","37,694,031,104","6,070.0000"
IM00C1,IM当月连续,2023-10-09,"6,075.0000","6,079.6000","6,017.0000","6,055.0000",-20.0000,-0.3292,"36,957","44,719,941,376","6,058.2000"
IM00C1,IM当月连续,2023-10-10,"6,074.2000","6,094.8000","6,028.4000","6,033.8000",-21.2002,-0.3501,"29,619","35,851,513,344","6,037.4000"
IM00C1,IM当月连续,2023-10-11,"6,059.8000","6,114.4000","6,026.0000","6,040.4000",6.6001,0.1094,"39,897","48,419,708,416","6,041.8000"
IM00C1,IM当月连续,2023-10-12,"6,078.0000","6,096.8000","6,052.0000","6,093.0000",52.6001,0.8708,"33,395","40,586,982,400","6,089.8000"
IM00C1,IM当月连续,2023-10-13,"6,069.0000","6,085.6000","6,058.4000","6,084.2000",-8.7998,-0.1444,"24,927","30,269,372,160","6,076.6000"
IM00C1,IM当月连续,2023-10-16,"6,090.2000","6,092.0000","5,995.0000","6,013.4000",-70.8003,-1.1637,"36,887","44,425,829,376","6,010.8000"
IM00C1,IM当月连续,2023-10-17,"6,020.2000","6,024.4000","5,961.0000","6,006.6000",-6.7998,-0.1131,"35,111","42,047,719,680","5,995.0000"
IM00C1,IM当月连续,2023-10-18,"5,990.0000","5,990.0000","5,894.0000","5,904.6000",-102.0000,-1.6981,"37,469","44,443,899,648","5,908.8000"
IM00C1,IM当月连续,2023-10-19,"5,884.2000","5,926.8000","5,837.6000","5,845.2000",-59.3999,-1.0060,"33,707","39,659,205,632","5,859.4000"
IM00C1,IM当月连续,2023-10-20,"5,823.8000","5,863.0000","5,781.2000","5,787.0000",-58.2002,-0.9957,"18,302","21,294,156,544","5,787.7700"
IM00C1,IM当月连续,2023-10-23,"5,751.4000","5,751.4000","5,571.2000","5,602.0000",-185.0000,-3.1968,"48,848","55,270,334,976","5,603.8000"
IM00C1,IM当月连续,2023-10-24,"5,622.6000","5,725.0000","5,588.8000","5,675.2000",73.2002,1.3067,"52,659","59,659,932,160","5,690.4000"
IM00C1,IM当月连续,2023-10-25,"5,725.0000","5,792.8000","5,725.0000","5,739.6000",64.3999,1.1348,"35,641","41,066,422,528","5,749.8000"
IM00C1,IM当月连续,2023-10-26,"5,720.4000","5,804.2000","5,702.0000","5,780.8000",41.1997,0.7178,"42,229","48,475,174,144","5,774.4000"
IM00C1,IM当月连续,2023-10-27,"5,762.2000","5,927.4000","5,748.2000","5,907.0000",126.2002,2.1831,"50,082","58,522,304,768","5,913.4000"
IM00C1,IM当月连续,2023-10-30,"5,902.0000","6,003.0000","5,896.8000","5,975.0000",68.0000,1.1512,"38,967","46,403,358,208","5,986.2000"
IM00C1,IM当月连续,2023-10-31,"5,975.0000","5,989.6000","5,914.2000","5,945.0000",-30.0000,-0.5021,"35,985","42,795,287,552","5,937.2000"
IM00C1,IM当月连续,2023-11-01,"5,950.0000","5,965.0000","5,912.8000","5,936.2000",-8.7998,-0.1480,"31,788","37,727,991,552","5,933.6000"
IM00C1,IM当月连续,2023-11-02,"5,945.6000","5,969.6000","5,873.2000","5,877.4000",-58.8003,-0.9905,"32,331","38,207,990,016","5,883.0000"
IM00C1,IM当月连续,2023-11-03,"5,888.0000","5,995.4000","5,888.0000","5,958.0000",80.6001,1.3714,"44,539","53,071,827,712","5,967.4000"
IM00C1,IM当月连续,2023-11-06,"6,000.2000","6,099.8000","6,000.0000","6,085.8000",127.7998,2.1450,"39,128","47,408,870,912","6,076.2000"
IM00C1,IM当月连续,2023-11-07,"6,085.6000","6,128.0000","6,057.6000","6,098.0000",12.2002,0.2005,"32,102","39,081,200,640","6,107.0000"
IM00C1,IM当月连续,2023-11-08,"6,097.0000","6,138.8000","6,072.4000","6,110.6000",12.6001,0.2066,"38,629","47,182,088,960","6,098.6000"
IM00C1,IM当月连续,2023-11-09,"6,102.0000","6,146.6000","6,055.8000","6,072.2000",-38.3999,-0.6284,"38,845","47,308,400,384","6,070.4000"
IM00C1,IM当月连续,2023-11-10,"6,050.4000","6,079.4000","6,025.2000","6,066.0000",-6.2002,-0.1021,"35,815","43,349,085,952","6,065.2000"
IM00C1,IM当月连续,2023-11-13,"6,088.4000","6,125.0000","6,062.4000","6,124.0000",58.0000,0.9561,"35,749","43,545,379,840","6,111.0000"
IM00C1,IM当月连续,2023-11-14,"6,124.0000","6,179.2000","6,111.4000","6,165.4000",41.3999,0.6760,"37,346","45,940,847,360","6,153.4000"
IM00C1,IM当月连续,2023-11-15,"6,210.0000","6,228.4000","6,171.0000","6,199.2000",33.8003,0.5482,"30,794","38,146,002,944","6,193.4000"
IM00C1,IM当月连续,2023-11-16,"6,182.8000","6,192.2000","6,138.0000","6,145.0000",-54.2002,-0.8743,"25,910","31,955,425,536","6,157.2000"
IM00C1,IM当月连续,2023-11-17,"6,140.0000","6,180.4000","6,128.4000","6,179.6000",34.6001,0.5631,"13,407","16,519,913,728","6,179.5400"
IM00C1,IM当月连续,2023-11-20,"6,165.4000","6,218.0000","6,115.8000","6,213.8000",34.1997,0.5534,"51,325","63,360,316,672","6,208.6000"
IM00C1,IM当月连续,2023-11-21,"6,225.0000","6,237.0000","6,151.2000","6,161.8000",-52.0000,-0.8368,"47,498","58,859,075,840","6,168.8000"
IM00C1,IM当月连续,2023-11-22,"6,145.0000","6,195.0000","6,090.4000","6,093.0000",-68.7998,-1.1166,"46,938","57,678,470,400","6,109.0000"
IM00C1,IM当月连续,2023-11-23,"6,090.2000","6,179.8000","6,067.2000","6,176.6000",83.6001,1.3721,"56,528","69,285,933,056","6,169.6000"
IM00C1,IM当月连续,2023-11-24,"6,163.0000","6,165.6000","6,059.2000","6,081.0000",-95.6001,-1.5478,"51,088","62,296,630,528","6,082.4000"
IM00C1,IM当月连续,2023-11-27,"6,074.2000","6,103.2000","6,034.4000","6,081.2000",0.2002,0.0033,"48,025","58,252,845,824","6,072.6000"
IM00C1,IM当月连续,2023-11-28,"6,070.6000","6,114.2000","6,016.8000","6,097.2000",16.0000,0.2631,"49,335","59,928,897,280","6,094.0000"
IM00C1,IM当月连续,2023-11-29,"6,093.8000","6,109.6000","6,053.0000","6,074.6000",-22.6001,-0.3707,"38,673","47,055,905,280","6,069.0000"
IM00C1,IM当月连续,2023-11-30,"6,065.0000","6,074.8000","5,988.2000","6,036.0000",-38.6001,-0.6354,"51,825","62,517,496,832","6,024.2000"
IM00C1,IM当月连续,2023-12-01,"6,036.0000","6,110.8000","6,010.6000","6,092.2000",56.2002,0.9311,"55,283","66,917,755,648","6,090.2000"
IM00C1,IM当月连续,2023-12-04,"6,100.0000","6,109.8000","6,057.4000","6,058.6000",-33.6001,-0.5515,"44,645","54,318,142,208","6,069.0000"
IM00C1,IM当月连续,2023-12-05,"6,050.2000","6,050.2000","5,945.2000","5,958.2000",-100.3999,-1.6571,"50,053","60,039,756,288","5,973.8000"
IM00C1,IM当月连续,2023-12-06,"5,938.0000","6,047.0000","5,930.6000","5,997.8000",39.5996,0.6646,"52,974","63,470,718,208","5,998.6000"
IM00C1,IM当月连续,2023-12-07,"5,985.0000","6,040.0000","5,946.0000","6,014.2000",16.4004,0.2734,"59,078","70,825,828,352","6,023.4000"
IM00C1,IM当月连续,2023-12-08,"6,025.2000","6,065.0000","5,996.0000","6,000.8000",-13.4004,-0.2228,"51,721","62,270,713,600","6,009.0000"
IM00C1,IM当月连续,2023-12-11,"5,973.0000","6,096.0000","5,935.2000","6,070.6000",69.8003,1.1632,"60,774","72,998,916,096","6,070.6000"
IM00C1,IM当月连续,2023-12-12,"6,070.0000","6,086.0000","6,048.4000","6,079.0000",8.3999,0.1384,"45,958","55,761,471,232","6,078.0000"
IM00C1,IM当月连续,2023-12-13,"6,062.2000","6,078.6000","6,013.4000","6,022.6000",-56.3999,-0.9278,"39,656","48,029,299,712","6,033.0000"
IM00C1,IM当月连续,2023-12-14,"6,041.2000","6,082.0000","5,991.0000","6,000.0000",-22.6001,-0.3753,"35,203","42,474,213,120","6,004.6000"
IM00C1,IM当月连续,2023-12-15,"6,010.0000","6,034.8000","5,952.2000","5,956.2000",-43.7998,-0.7300,"20,199","24,201,228,544","5,956.2400"
IM00C1,IM当月连续,2023-12-18,"5,891.0000","5,906.4000","5,807.4000","5,831.6000",-124.6001,-2.0919,"41,552","48,689,563,904","5,824.8000"
IM00C1,IM当月连续,2023-12-19,"5,826.0000","5,868.0000","5,800.4000","5,838.0000",6.3999,0.1097,"42,896","50,008,122,624","5,823.2000"
IM00C1,IM当月连续,2023-12-20,"5,846.0000","5,860.8000","5,741.0000","5,745.0000",-93.0000,-1.5930,"41,766","48,355,528,448","5,751.6000"
IM00C1,IM当月连续,2023-12-21,"5,721.6000","5,799.2000","5,665.2000","5,770.2000",25.2002,0.4386,"57,907","66,452,187,392","5,773.2000"
IM00C1,IM当月连续,2023-12-22,"5,756.2000","5,768.0000","5,713.2000","5,753.0000",-17.2002,-0.2981,"20,765","23,811,055,616",——
,,,,,,,,,,,
,,,,,,,,,,,
,,,,,,,,,,,
,,,,,,,,,,,
,,,,,,,,,,,
数据来源：东方财富Choice数据,,,,,,,,,,,
